id,comentario
1,"best anime ever made there's no doubt about it , watched it without spoilers and it was honestly the best thing I ever watched ."
2,One of the Best Anime ever❣❣
3,Where’s the other parts of the finale?!
4,"Absolutely Brilliant, Was skeptical at first but WOW what a great Show. Highly Recommended"
5,This anime is absolutely the best ever. The story and acting were top-notch and incredible.
6,my favorite piece of media
7,my favorite piece of media
8,my favorite piece of media
9,"Why is this show so popular? Just why? This show is a bunch of mystery boxes that keep you watching while the most stereotypical anime characters spout ridiculous over the top monologues forever on repeat. Honestly I shouldn't be surprised, death note is one of the most popular anime and that thing is camp af."
10,"""Attack on Titan"" didn't really convince me after the first season. Almost the entire season is used for world building and unfortunately that made it a bit boring at times. I also stopped after the first season because I didn't feel like it anymore, but at some point I forced myself to watch the second season. And I was actually surprised, things are finally starting to roll and from then on things are going well. There is no need to talk much about the animation because everyone can see that it is on a completely different level than usual anime. The story is good too, but sometimes a bit too complicated for me personally. I had to pause here unusually often and google things again so that I understood the connections. But if you are looking for a sophisticated action anime with breathtaking animation, ""Attack on Titan"" is the right place."
11,One of the best Animes out there. Must Watch!!!
12,I HATE EVERY LAST ONE OF YOU
13,"Great atmosphere and intriguing story - but its sooo fucking anoying that every episode contains of 50% inner monologue. Show, don’t tell."
14,"It goes without saying why this is many people’s favorite. The plot and characters are so delicately intertwined in both satisfying and heartbreaking ways, shown especially in the final season where the roles are reversed between the main cast and the “new” cast. Very few problems I can detect without an immediate rewatch, which it absolutely deserves another one!"
15,"Attack on titan is not only the best anime you can watch (even if you dont usually like anime series), it is the BEST cinematographic piece of content you will ever see, period. It has beautiful imagery, stunning visuals, amaizing soundtrack that keeps you engaged during the whole series, but on top of all that, the best single characteristic of this show is its story, the way it is delivered. It has several masterfully conducted plot twists and the series gives you just enough information whenever you need it to understand the minimun you need to know. And along the way you start to understand things that you did not understand before and the second time you watch it all you see in a whole different way, understanding everything much better, seeing things that you did not see the first time and thinking “all of this was happening in front of my eyes and I DID NOT NOTICE”. You have not watched Attack on Titan until you have watched it twice."
16,"my fav anime.i can say a lot about this tv show but the review would be too long.so to keep it short,this show is near perfect.mesmerising animation from start to finish,as well as some of the most intricate story telling i’ve ever seen. this shows also got so many crazy moments that give me goosebumps every time i watch them.also has a great soundtrack.eren yaeger is probably one of the most complex characters i’ve ever seen.amazing character development for every character on screen.very happy with the ending.voice acting is spectacular. seasons ranked: 1.season 4 2.season 2 3.season 1 4.season 3 fav characters:reiner,levi,jean,mikasa,eren,commander erwin,"
17,"Atmosphere and vibes extremely creepy, unique too."
18,"There really is nothing quite like Attack on Titan. I literally held my breath through some parts, and I was openly crying during others. It's a tv show and also an experience."
19,"For me this is one of the few Anime's that I feel I can reasonably recommend to people who don't generally like anime because it is dark, has a serious tone throughout and doesn't contain typical annoying anime tropes like over sexualized female characters and filler episodes. Finally the story is fantastic throughout and while the the final season takes a very different tone, I think it very effectively gets the message it was trying to send across and the show as a whole is better off for it. Highly Recommend!"
20,PEAK ANIME! absolutely incredible story telling!
21,**BEST ** **BEST** YOU NEED TO WATCH THIS FR MAN
22,Don't have words to describe the madness 🗿💀👍
23,"Attack on Titan tugs on your heartstrings the entire show, for all four seasons, and ends by ripping your heartstrings out in a way you'll increasingly come to believe it will, hoping it won't really come to that, until finally, your heart is right before your eyes, and you're left wondering how it could've come to this. I was tempted in the beginning to shelve the show, because I'm queasy and can't stand gore, but I usually try to give shows a few episodes before writing them off... and I ended up getting hooked. So many people have seen this show and are familiar with it, so I figured I'd get in-the-know, and it was definitely worthwhile - aside from stomaching the gut-wrenching scenes of giants chewing up bodies and other disgusting graphics. This is definitely not a show for kids (or perhaps not for anyone of any age), but I can't say I regret watching it."
24,"My first anime also turned out to be my best anime. Where do I even start here? It's almost flawless, only criticism I have is the ending. But everything else... plot, characters, production, everything... Wow. 10/10"
25,"I'll be honest, I had tried to start this anime several times, but its slow start and unbearable protagonist made me give up watching it. After years I decided to give it a chance and watch it all, I regret not having given it a chance before, because it really is an incredible anime with an equally incredible story, even after finishing and considering this anime great, having cried at the end and wishing for a few more episodes, I won't change my opinion about Eren, I still think he's a weak protagonist and the other characters that made me watch the anime, if there was a different protagonist I'd give the anime a 10, because there really needs to be a lot of effort put into it. to endure it."
26,"• Attack on Titan season 1 (episodes 1-25) • Attack on Titan Ilse's Notebook (OAD) • Attack on Titan: The Sudden Visitor (OAD) • Attack on Titan: Distress (OAD) • Attack on Titan: No Regrets Parts 1-2 (OAD) • Attack on Titan season 2 (episode 26-37) • Attack on Titan: Lost Girls: Wall Sina, Goodbye Parts 1-2 (OAD) • Attack on Titan season 3, part 1 (episode 38-49) • Attack on Titan: Lost Girls: Lost in the Cruel World (OAD) • Attack on Titan season 3, part 2: (episode 50-59) • Attack on Titan season 4 (Final Season), part 1: (episode 60-75) • Attack on Titan season 4 (Final Season), part 2: (episode 76-87) • Attack on Titan Final Chapter Special 1: (episode 88) • Attack on Titan Final Chapter Special 2 (episode 89)"
27,The final 2 episodes are missing from the list.
28,"Personally, not really a fan of anime. So when I am recommended this show as it is the ""best show ever"", I was skeptical. Firstly, because I already know it will not have that impact on me. Secondly, because that is a darn bold statement when so much great stuff is out there. I will report, this show was damn good. It is a very good introduction to anime, on top of being incredible for those that already love the genre. While this did not blow me away, it is comfortably up there with the original Avatar series as the best anime series that I have seen. Average Season Review: 8.38/10 Recommendation: Must See (For Anime Fans)"
29,who made the seasons list forgot to add season 4 part 3..please fix this problem
30,"Perfection, the magnum opus of fiction. 10/10 ⭐"
31,hurt me so bad I can't even hear its name...I sobbed so hard I couldn't breathe.... my heart physically hurts thinking about it....altered my life forever... Will never be the same again...loved it sooooo much.... wish I could rewatch it for the first time again
32,"I'm sorry, how THE FUUUCK am I supposed to recover from this anime? HOW??? I bawled my eyes out with that finale oh MY GOD!!! How am I expected to just move on with my life??? I don't understand, I DON'T GET IT. This was the most beautiful ride, I would sell my soul to watch the entire anime for the first time again."
33,"All of that, just to pull out another gantz, what a joke."
34,"Here we are... the last episode of this cultish anime has just been released and there's so much to say... If you haven't watched the last episode of this show yet, watch it now and then come back and read my review, I'm going to spoil. First of all, SNK is for me one of the anime that brought me into this universe, I grew up and matured with SNK. Now that this series is officially over, [spoiler]it leaves me with both a sense of accomplishment and a strange feeling, one that leaves me on the edge of my seat, since I'd have liked to have seen a little more philosophical dialogue between the characters (for example I would have liked to know what Eren said to Mikasa at the very end) and more explanation from Eren on where the titans' powers come from (I may have misunderstood but I don't think it's explained why this ""Alien"" came to help and give Ymir his powers)[/spoiler]. This ending is [spoiler]logical. It's not intended to provide solutions to humanity's endless quarrels. Eren knew very well that this was not going to be the case, but he wanted at least his friends and his people to be able to live without suffering, and this ending is exactly what it should be. Eren suffered enormously to achieve this, he had to take on the role of humanity's murderer, sacrificing his own people in the process, so that after killing so much he couldn't live in the world he would have built for them either, but in the end he succeeded in creating it for his people and for his friends[/spoiler]. I'll remember this anime for the rest of my life. It brought me so much. We can now officially say that this anime is part of history with a capital H and that it is, and I hope will remain cult. Thank you to everyone involved in creating this masterpiece."
35,"Pretty amazing anime. Personally, i found it a bit slow at the start but after a few episodes you get hooked. The first season was good but it did lack something, presumably a bit more information about the world and its state. The second and third seasons were superb - can't really think of anything negative there apart from pretty minor things. The last season started a bit confusing but after you episodes you get the idea, which is explained in the last episode - this was something I did not like. Other than that the ending was what was mostly expected when you followed the story but at the same time it is not the ending you would want to see. I also did not like that there were some supporting characters that had quite a bit of screen time but almost zero character progression, it felt like the main 5-10 chars were developing overtime while the rest stayed the same all the time. I did enjoy the world building, the massive amounts of action, some of the characters and their characteristics and most of the story."
36,"11/10 🔥 Literally, a masterpiece."
37,"So.. the final ep dropped, and the journey of one my or actual best shows has ever made in this life has come to the end, i really wanna say a lot about it but i feel that I can't express it, It's a show that i started years ago and grew up with it, so i feel like big something will be missed i really recommend this show for anyone bc it's really great, even if u agree with ending or not u really have to respect what they have done, bc they really made something that u won't see another thing as it! so thank you for this long journey and gonna miss the characters, Farewell Eren.."
38,"""Attack on Titan"" undoubtedly lives up to the hype, offering a layered and accessible adventure suitable for audiences of all ages. It manages to maintain a delicate balance between adhering to the traditional ""shonen"" narrative tropes while skillfully avoiding the most clichéd genre stereotypes. The series' real allure lies in the depth and ambiguity of its characters. While they may initially appear to fit into the standard anime archetypes, the deliberately slow-burning progression of the story allows for profound introspection and character development. Despite their stylized characteristics, they exhibit a human quality through their inherent contradictions, hardly any of them being unequivocally right or wrong. In the long run, the plot often adheres to familiar paths without delivering major surprises, but it does throw in unpredictable and grim turns, shedding light on a bleak view of the world and human nature. Choices that initially appear as the obvious things to do may lead to tragedies, keeping no character truly safe. At times, the limited perspective of the characters can even reshape our perceptions of their decisions. However, one major drawback is the prevalence of fillers and lengthy inner monologues that serve no purpose other than to reiterate the obvious or imposing character traits that could have been suggested through visual storytelling or concrete episodes. Furthermore, as the series progresses, the previously palpable atmosphere of danger surrounding the characters can be compromised by instances of implausible plot armor, possibly due to the characters' soaring popularity within the mainstream audience. These might be less noticeable when binge-watching the show, but are particularly evident in the second season, where things start to get a little repetitive and the main protagonists’ team gets consolidated. Then, the show luckily makes a remarkable improvement in terms of pacing and risk-taking in its storytelling, reaching its peak from the end of the third season to the first half of the fourth season. The latter, in particular, explores the world of ""Attack On Titan"" at its bleakest, introducing complex themes and political subterfuges that are not so obvious in this kind of narrative. At this point, there are no clear-cut villains; each side possesses its motivations and questionable beliefs, mirroring the complexities of real-world conflicts. Unfortunately, the series loses some steam and narrative focus after the first half of the fourth season, with production delays intensifying the sense that these final episodes (and their source material) were developed somewhat on the fly. Despite the fourth season being billed as the ""Final Season"" in 2020, the series extended into 2022 with an additional run of episodes, concluding with two specials in 2023 to close the plot. This last phase exhibits both highs and lows, at times relying on conventional anime chitchat and fanservice, obvious plot armor for the protagonists, and questionable ways to get them out of problematic situations and successfully ""assemble"" to save the world. Overall, the series' ending doesn't venture as boldly as its premise would suggest, but it still found a reasonable compromise between its established worldview and the mainstream audience's expectations. While there remain loose ends, a few wasted character arcs, and some perplexing dynamics (including the key to it all), considering the uncertain pacing and direction the plot was starting to take with its characters... it left me mostly satisfied. It may come out as a little rushed, but considering the huge delays in production, it was definitely time to bring this epic journey to a close. Ratings: Season 1: 8 Season 2: 6.5 Season 3: 9 Season 4 Part 1: 8.5 Season 4 Part 2: 6.5 Average: 7.7"
39,"My favourite show of all time. While there’s some pacing issues early on, and a handful of things are translated weirdly to English (though this is very rare), it’s such a compelling story. Absolutely worth your watch."
40,When the OST alone is a masterpiece. I have no other words to say but you will enjoy this tremendously.
41,Unexpectedly and remarkably mindfucking. Give it a try.
42,"There is a reason Attack on Titan was so popular back when it first came out and seeing how far it has come makes me appreciate it even more. This show is probably going to go down as one of the greatest anime shows ever made, and I highly recommend people watch it even if you aren't a fan of anime."
43,"I’ve enjoyed watching this. Lots of different twists and foreshadowing done throughout which I like. If you do watch this, hopefully you don’t get spoiled and can fully enjoy the experience. Looking forward to see how they end this next year."
44,"It's long, like unnecessary long. Once it got attention and recognition, they squeezed ""Attack on Titan"" brand to get as many viewers as they can and then they named season 4 ""the final season"" for the same reason but guess what, it's not the final season. Sorry but I don't need another walking dead loophole."
45,I only saw the first season. Too much useless and not so smart dialogues. It would have been better with half the episodes. Everything else is good though.
46,It didn’t hold my interest. I will read the wiki.
47,"One of the best animes in history and also the most rewarding show to watch as a viewer. All the pieces to the puzzles and the hints are right there from the start but only after things are properly revealed, it all makes sense. It starts strong and only gets better and crazier as the story progresses."
48,Goddamn I wish it would just be over already.
49,The greatest of all time.
50,"I honestly wish I could watch this all over again for the first time. The storytelling blew my mind in a very unexpected way. The fact that all the plot twists leading up to the major plot twist were all distractions (with substance, not just distractions for the sake of it) to keep you from making the realization early on? Simply masterful. I went into this thinking it was just a story of humans vs. titans and what I got is so much better."
51,Incredible show but plot armour and the poor ending bring it down from a 10/10
52,To Watch: Dorororo (Amazon) Dai Dark Kyosogiga Buccano Baccano! ReLife Grimgar White Cat Legend Heavenly Dillusion Hell's Paradise Mashle Tomodachi Game Ore no Monogatari Mushoku Tensei Link Click 86 Secret Life of the Immortal King Manga: Vagabond Sakamoto Days Witch Hat Atelier Manwha: Solo Leveling The Beginning After the End Omniscient Readers Viewpoint Lord of Mysteries Windbreaker Reverend Insanity Shadow Slave Greatest Estate Developer The Spark in Your Eyes Shows: Hero Inside
53,"I really love this show. I mean, here I am going to read the manga of the episode I've just watched."
54,THERE IS MORE!!!!! THANK YOU!!!! THANK YOU!!! THANK YOU!!!!
55,"Me: OMFG hafhaflkhhadfbak I'm not ready for this to end! 😭 MAPPA: But wait 🖐, there's more!"
56,watching this masterpiece is great experience
57,One of the best anime out there.
58,"its a ""good"" show. but its so hard to follow to the point where it isnt even enjoyable any more, and s4 ruins it further with the political fascist bullshit. i want to watch anime, not that shit."
59,"STRESSFUL, but had to put on my recommend list. I don’t think I’ve ever watched a TV show that captured me from the first episode like this one. I thought that all the seasons continued to be super strong. BUT the only thing is that it is super intense and there is like no breaks. So it was hard to sit there and be stressed for a long time. It was worth it though."
60,"It's hard to put into words how amazing this anime is. As someone who doesn't watch a lot of anime, Attack on Titan feels accessible to any (mature) audience that can handle a great deal of violence and gore. It has everything a good show should: - Phenomal soundtrack and score - Complex plot and political landscape - Grounded and relatable characters - Grand reveals and plot twists you never see coming - Masterful foreshadowing that you only pick up on on a rewatch - Beautiful animation with a mix of 2D and CGI This show is an absoulute masterpiece. As an anime-only fan, I can't wait to see how it all ends."
61,One of the best anime. Must watch
62,"This anime, with its characters and plot twists, has turned to be one of my favourites."
63,"The first 3 seasons are great but the 4th isn't that good, especially the art."
64,Perhaps the greatest anime ever made. Rivaling even Death Note.
65,definitely my most favourite anime and probably better than so many shows out there A MASTERPIECE
66,"Lot's of action, drama, and mystery that will keep you on the edge of your seat. I personally enjoyed the animation and OSTs used. Some scenes will surely remain in my memory for a long time. But most importantly... [spoiler] ""I've always been...the same as you! I'm human!"" [/spoiler] A great story telling us that there is no pure black and white in this world. Only the shades of gray you know and those that you don't. [spoiler] ""Like I thought, I'm the same as you. I think we were born this way. I keep moving forward Until I destroy my enemies."" [/spoiler]"
67,"I've tried twice to watch it and actually menage to end first season. everyone is so enthusiastic about it , but I don't get the reason why. I've read some of your comments and I've not seen an easy answer about this. it would help to hear some easy answers about it."
68,"This show is getting better and better with every season. In season 1, almost nothing is known about those giant monsters living on the other side of the wall. Then, in season 2, everything starts to make a little bit more sense. And do continue watching, because season 3 is where it gets really, really good. I'm not going to spoil anything, but it's totally not what you might have expected when you started watching season 1!"
69,"I’ll preface by saying, I really wanted to enjoy this show. But the reality is that each episode was like a 50/50 chance of enjoyment. Some episodes my eyes were glued to the screen, but others I easily found myself distracted, doing something else, or flat out ignoring the show in the background. The twists are probably the most powerful part of the show. You really can’t figure out what’s going to happen beforehand. Perhaps there’s something about the sheer chaotic nature of the series that made it hard for me to root for the characters. Or maybe it’s simply the fact that every character has a fairly high chance of death in any given episode. While I can’t say the series is great, it wasn’t garbage as others may suggest. I just couldn’t stick with it since fairly few episodes kept me interested."
70,@OM4R those are some rookie numbers
71,"I'd hesitate to call this show an action anime as its real appeal is in its mystery. The first season bombastically introduces us to the world of Attack on Titan, where everyone is boxed in to protect themselves from giant mysterious monsters. As the story continues in the later seasons, the story matures like fine wine, answering mysteries while bringing up new ones in a completely believable fashion. The plot twists in this show are so well done that re watching is basically a must as you get an entirely new feeling after knowing what is actually going on behind the scenes."
72,The best. And I'm not even exaggerating. A must see.
73,"A Cool fanta/giant zombie show full of intense emotions, start strong, action is well animated and there is always an ispirational moment for the protagonists. The CG is ugly, The pacing is bad, i hate the pointless flashback, there is too much boring exposition and too much talking repeating the same things over and over. Is very good in the Climaxes but boring when nothing happens."
74,"One of the best anime I've ever seen, if you want a good story combined with mystery you should definitely SEE IT. Waiting long for the last season..."
75,"Now I see why Drama is put before Action in the genres! It's a great Action anime, but not meaningless fights and beatings, There is quite the story for it! Amazing anime!"
76,One of the best anime ever.
77,@ihuda 2016 is about to end ans still nothing..... didn't read the Manga yet.
78,"Wow i'm not an anime fan but this serie is really good one of the best animated series i've seen, is just awesome"
79,One of the things I dislike the most about anime is the unnecessary use of sexual imagery. This show lacks that completely. It takes itself very seriously and I absolutely love that. It's an amazing series with tons of action. Expect to feel on edge from the very beginning to the last minute of it. I can't wait for season 2
80,"The first episode of this must be the worst start of an anime I have ever seen. Perhaps it gets better after a while, but I seriously doubt that considering the astounding amount of flaws we are introduced to immediately. I don't think I'll stick around to find out though."
81,Absolutely great anime! Every episode makes you wanting for more. I watched the whole 1st season in 3 days! This is with no doubt the best anime I've ever watched...But to be honest I've only watched S.A.O and A.o.T.
82,Thank you very much for the excellent voiceovers KANSAI Огромное спасибо за прекрасную озвучку KANSAI
83,"It's,good but I just can't wait for season 2."
84,"Easy to tell why it is hyped, it's a good show. I just felt it was way too easy to predict (I watched the first 15 episodes with a group of friends and we could all guess what was going to happen next). Nonetheless it was still exciting and worth watching. Every episode ends on a cliffhanger."
85,Terrible show you want so badly to be good. The writing is so lazy and cheap. Cliffhanger tactics to keep people watching.
86,"So much of despair, sorrow and almost not one tiny hope for mankind against Titans. Awesome BGM in certain episodes really kicked the mood high."
87,"Literally one of the best things I've ever experienced. I put off watching it for the longest time because I thought I wouldn't like it but man was I wrong. I felt like something was missing when it ended (after rushing through all the episodes in about 4 days because I couldn't stop), I wanted more. I started reading the manga as soon as I finished the anime and I'm all caught up on it now. Can't wait for season 2! Also, just a tip for anyone who's planning on watching it - make sure you watch after the credits on the last episode. There's a pretty massive plot scene afterwards that's very important and I almost missed it."
88,"Do you know that feeling of sadness and emptiness you get after finishing a good show that you really loved with all your heart? Well, this is what I felt towards this show. Each episode I watched on this show got me craving for more. I'm glad good story lines still exist, and I'm glad this show is popular because it honestly deserves to be recognized. I can't wait for season 2! THIS IS THE BEST ANIME I'VE EVER SEEN SO FAR!"
89,"I NEED SEASON 2, LIKE NOW"
90,"So, having now watched it I would have to agree with the general consensus. Attack on Titan﻿ is a rather awesome anime. So many twists that kept me saying 'just one more episode. I'm pretty sure they're making another season (biggest cliffhangers at the end), which I can't wait for!"
91,"Attack on Titan (aka Shingeki no Kyojin in romaji) has proven to be one of the rare shows that sparks the attention from people who don't regulary watch seasonal anime. I mean, just look at the numbers on trakt alone: Two of the other more popular shows that started at the same time, Maou-sama and Gargantia don't even come close (less than a 100 watchers on the last episode). But not only that - even in the anime community itself it gained immense popularity and currently is still in the Top 10 on Myanimelist (kind of the western Facebook of anime). What is to take away from this is certainly that it seems to make for a good entry-level show but it's not one without flaws and I can't frankly understand why it gets that much praise (oh hello SAO!). I first came into contact with it's manga because it ranked extremly high on Mangaupdates with some of the genre tags I browse. After reading the first 15 or so chapters I deceided to put it on hold. It didn't impress me and the art was everything but pretty (given that it was the authors first series and he didn't draw much before this). So when the show came around I saw potential for improvement given that the art could only get better plus action never suffers from being animated. This also means I had certain expectations and some of the early tension had been lost on me due to knowing some twists. Now the story itself has plenty of shortcomings but is still entertaining. It starts out like your grimdark show about the struggle of mankind (in this case versus the titans) but it falls into the usual shonen trappings further down the road. I also find most of it's characters kind of stagnant in terms of developments and it's everything but subtle. The source material is still being published and is probably not even at the midpoint of which thr first season maybe adapted half of. This also means there isn't an ending yet. There is plenty of padding going around in the show and they added some filler to end it before the start of a new arc. I don't think the filler was all that bad but the padding put it's toll on it. Some episodes are extremly tedious to the point that nothing at all happened. One the shows biggest problem for me comes in terms of animation quality. There are good looking scenes and the 3D rendered high-speed slides through the city on their 3DMG always looked great... it's just that it was inconsistent to the max. Quite early you begin to notice copy pasta and the worst possible use of stillframes with narration or dialogue over it. This is done a lot in the industry and it isn't necessarily a bad thing but the way they do it in this is so in your face and frequent you just can't help it. There was some talk about them lacking animators and that they were apparently looking for more but that couldn't have been the only issue. Around the episodes that relied on it the most a new OP hit the show with plenty of quality animation so yeah... The level of detail also decreased towards the end whenever it wasn't a closeup or something in the focus. I guess this sounds really negative but I still gave the show a 7... it is just frustrating to see this hyped to the heavens when it really is far from perfect. If you're looking for an action show, sure - give it a go. It's just nothing great. I'm sure there will be more coming down the road (there have been spin-off stories already) and I cannot wait to see the train-wreck the live action movie planned for 2014 will be. R.I.P. Moe titan."
92,"What a great anime, I,ve entered the anime world after seeing this anime. Great job and I hope they continue for season 2."
93,the shows awesome I love all the episodes leaves me wanting more
94,Arguably better than the show itself are the countless OP mashups: Attack on Bollywood: Attack on Snuggle: Attack on Pingu: Attack on Witch: Attack on Eva: Attack on Christopher Walken: Attack on Anon: (which basicly says everything) There are tons more (hundreds) on Nicovideo ( but you'll need an account to watch these. Of course potato-girl has her own tribute
95,"So far it is amazing, hope it can keep this up."
96,this could be good can't wait
